list_id,city,country,latitude,longitude,time_zone
europe,Istanbul,Türkiye,41.013096,28.975726,Europe/Istanbul
europe,Moscow,Russia,55.758664,37.619292,Europe/Moscow
europe,London,United Kingdom,51.503377,-0.079518,Europe/London
europe,Saint Petersburg,Russia,59.936671,30.315027,Europe/Moscow
europe,Berlin,Germany,52.518742,13.408022,Europe/Berlin
europe,Madrid,Spain,40.419213,-3.692517,Europe/Madrid
europe,Rome,Italy,41.889294,12.493547,Europe/Rome
europe,Kyiv,Ukraine,50.429290,30.538060,Europe/Kyiv
europe,Paris,France,48.856788,2.351077,Europe/Paris
europe,Bucharest,Romania,44.439066,26.105150,Europe/Bucharest
europe,Minsk,Belarus,53.896196,27.550309,Europe/Minsk
europe,Vienna,Austria,48.219533,16.378488,Europe/Vienna
europe,Hamburg,Germany,53.550612,9.992715,Europe/Berlin
europe,Warsaw,Poland,52.243427,21.001797,Europe/Warsaw
europe,Budapest,Hungary,47.495211,19.054237,Europe/Budapest
europe,Barcelona,Spain,41.382681,2.177024,Europe/Madrid
europe,Munich,Germany,48.137988,11.575182,Europe/Berlin
europe,Milan,Italy,45.467175,9.189664,Europe/Rome
europe,Prague,Czechia,50.082438,14.419159,Europe/Prague
europe,Sofia,Bulgaria,42.688952,23.318891,Europe/Sofia
asia,Tokyo,Japan,35.689506,139.691700,Asia/Tokyo
asia,Delhi,India,28.643926,77.092980,Asia/Kolkata
asia,Shanghai,China,31.220310,121.462393,Asia/Shanghai
asia,Dhaka,Bangladesh,23.727845,90.407758,Asia/Dhaka
asia,Beijing,China,39.902748,116.400819,Asia/Shanghai
asia,Mumbai,India,18.940100,72.834659,Asia/Kolkata
asia,Osaka,Japan,34.693726,135.502162,Asia/Tokyo
asia,Karachi,Pakistan,24.855112,67.007929,Asia/Karachi
asia,Chongqing,China,30.108589,107.747222,Asia/Shanghai
asia,Guangzhou,China,23.134224,113.260984,Asia/Shanghai
asia,Lahore,Pakistan,31.568758,74.305688,Asia/Karachi
asia,Shenzhen,China,22.545445,114.052884,Asia/Shanghai
asia,Bengaluru,India,12.977405,77.574234,Asia/Kolkata
asia,Chennai,India,13.082881,80.276002,Asia/Kolkata
asia,Kolkata,India,22.561367,88.367076,Asia/Kolkata
asia,Bangkok,Thailand,13.753786,100.498525,Asia/Bangkok
asia,Tehran,Iran,35.637352,51.725685,Asia/Tehran
asia,Hyderabad,India,17.413399,78.460046,Asia/Kolkata
asia,Chengdu,China,30.660799,104.064959,Asia/Shanghai
asia,Ho Chi Minh City,Vietnam,10.776571,106.701209,Asia/Ho_Chi_Minh
northAmerica,Mexico City,Mexico,19.430904,-99.133595,America/Mexico_City
northAmerica,New York,United States,40.712982,-74.007205,America/New_York
northAmerica,Los Angeles,United States,34.053345,-118.242349,America/Los_Angeles
northAmerica,Toronto,Canada,43.651605,-79.383125,America/Toronto
northAmerica,Chicago,United States,41.883718,-87.632382,America/Chicago
northAmerica,Dallas,United States,32.775568,-96.795595,America/Chicago
northAmerica,Houston,United States,29.760376,-95.369805,America/Chicago
northAmerica,Miami,United States,25.770843,-80.197636,America/New_York
northAmerica,Philadelphia,United States,39.952597,-75.165169,America/New_York
northAmerica,Atlanta,United States,33.748188,-84.390865,America/New_York
northAmerica,Washington,United States,38.895438,-77.031281,America/New_York
northAmerica,Boston,United States,42.360256,-71.057279,America/New_York
northAmerica,Phoenix,United States,33.448253,-112.076617,America/Phoenix
northAmerica,Monterrey,Mexico,25.673164,-100.311096,America/Monterrey
northAmerica,Guadalajara,Mexico,20.675162,-103.346506,America/Mexico_City
northAmerica,San Francisco,United States,37.779379,-122.418433,America/Los_Angeles
northAmerica,Detroit,United States,42.329390,-83.044933,America/Detroit
northAmerica,Montréal,Canada,45.507773,-73.554461,America/Toronto
northAmerica,Seattle,United States,47.603776,-122.330765,America/Los_Angeles
northAmerica,Minneapolis,United States,44.977766,-93.265067,America/Chicago
southAmerica,São Paulo,Brazil,-23.579640,-46.655065,America/Sao_Paulo
southAmerica,Buenos Aires,Argentina,-34.611523,-58.421025,America/Argentina/Buenos_Aires
southAmerica,Rio de Janeiro,Brazil,-22.910020,-43.209630,America/Sao_Paulo
southAmerica,Lima,Peru,-12.045448,-77.030864,America/Lima
southAmerica,Bogotá,Colombia,4.639543,-74.062972,America/Bogota
southAmerica,Santiago,Chile,-33.451856,-70.650466,America/Santiago
southAmerica,Belo Horizonte,Brazil,-19.924663,-43.935407,America/Sao_Paulo
southAmerica,Caracas,Venezuela,10.505562,-66.914667,America/Caracas
southAmerica,Porto Alegre,Brazil,-30.029841,-51.227884,America/Sao_Paulo
southAmerica,Brasília,Brazil,-15.792844,-47.882494,America/Sao_Paulo
southAmerica,Recife,Brazil,-8.049296,-34.906405,America/Recife
southAmerica,Fortaleza,Brazil,-3.731478,-38.531036,America/Fortaleza
southAmerica,Salvador,Brazil,-12.965582,-38.472750,America/Bahia
southAmerica,Medellín,Colombia,6.249139,-75.564925,America/Bogota
southAmerica,Guayaquil,Ecuador,-2.195364,-79.880422,America/Guayaquil
southAmerica,Curitiba,Brazil,-25.419141,-49.265451,America/Sao_Paulo
southAmerica,Quito,Ecuador,-0.220110,-78.511498,America/Guayaquil
southAmerica,Cali,Colombia,3.455094,-76.524526,America/Bogota
southAmerica,Montevideo,Uruguay,-34.890372,-56.186695,America/Montevideo
southAmerica,Asunción,Paraguay,-25.303790,-57.559997,America/Asuncion
africa,Lagos,Nigeria,6.498508,3.353275,Africa/Lagos
africa,Cairo,Egypt,30.057852,31.242706,Africa/Cairo
africa,Kinshasa,Democratic Republic of the Congo,-4.329722,15.315000,Africa/Kinshasa
africa,Johannesburg,South Africa,-26.202270,28.043630,Africa/Johannesburg
africa,Luanda,Angola,-8.824474,13.238110,Africa/Luanda
africa,Dar es Salaam,Tanzania,-6.817699,39.283029,Africa/Dar_es_Salaam
africa,Khartoum,Sudan,15.588549,32.535473,Africa/Khartoum
africa,Abidjan,Côte d’Ivoire,5.320897,-4.019676,Africa/Abidjan
africa,Alexandria,Egypt,31.208741,29.936957,Africa/Cairo
africa,Nairobi,Kenya,-1.283030,36.817231,Africa/Nairobi
africa,Addis Ababa,Ethiopia,9.011506,38.759416,Africa/Addis_Ababa
africa,Cape Town,South Africa,-33.922016,18.419582,Africa/Johannesburg
africa,Casablanca,Morocco,33.573752,-7.599735,Africa/Casablanca
africa,Accra,Ghana,5.554212,-0.183635,Africa/Accra
africa,Durban,South Africa,-29.856530,31.019334,Africa/Johannesburg
africa,Dakar,Senegal,14.721174,-17.447739,Africa/Dakar
africa,Kano,Nigeria,11.988832,8.520463,Africa/Lagos
africa,Ibadan,Nigeria,7.380457,3.886539,Africa/Lagos
africa,Pretoria,South Africa,-25.750445,28.237550,Africa/Johannesburg
africa,Kampala,Uganda,0.326979,32.597620,Africa/Kampala
australia,Sydney,Australia,-33.872710,151.205694,Australia/Sydney
australia,Melbourne,Australia,-37.815031,144.966347,Australia/Melbourne
australia,Brisbane,Australia,-27.468590,153.023983,Australia/Brisbane
australia,Perth,Australia,-31.954808,115.860220,Australia/Perth
australia,Adelaide,Australia,-34.927128,138.599851,Australia/Adelaide
australia,Gold Coast,Australia,-27.976764,153.380889,Australia/Brisbane
australia,Canberra,Australia,-35.279552,149.128824,Australia/Sydney
australia,Newcastle,Australia,-32.927068,151.784669,Australia/Sydney
australia,Central Coast,Australia,-33.419035,151.343464,Australia/Sydney
australia,Wollongong,Australia,-34.426848,150.898573,Australia/Sydney
